calf_id,time_to_event,event,infection_order,genotype,tparva_load,theileria_load,anaplasma_load,co_infection_n,log_tparva,log_anaplasma,log_theileria
CA010110001,51,0,No infection,CT,2369,326601,269717,9,0.7831055399760575,0.3895565225755428,0.6590311586669351
CA010110002,33.142857142857146,0,No infection,TT,27602,322244,58097,7,1.2917535059819374,-0.012681957132390464,0.65604503339809
CA010110004,51,0,Mutans/Velifera First,TT,13706,759123,215298,6,1.1467198476840017,0.33051442817207183,0.8465615215586825
CA010110005,51,0,Mutans/Velifera First,CC,0,13664,324432,3,-0.8268607888498938,0.43794895922854576,-0.04666880196092038
CA010110006,51,0,No infection,CC,3487,551434,6133,6,0.863170069543855,-0.601738413146699,0.7754910911102619
CA010110007,51,0,Parva First,CC,128503,624121,67529,5,1.6104124339456478,0.02673390888551548,0.8030221979279297
CA010110008,51,0,Parva First,CT,2833,604410,218543,8,0.8201501689101793,0.3344338852973643,0.7958868470084526
CA010110009,51,0,No infection,CT,1585,460508,325881,10,0.6998842713340524,0.43911652416784563,0.7354265000695971
CA010110010,51,0,Mutans/Velifera First,CT,0,715844,18203,4,-0.8268607888498938,-0.31673340646604997,0.8335095762433209
CA010110011,33.42857142857143,0,Mutans/Velifera First,CC,0,754,6039,2,-0.8268607888498938,-0.6057845344572506,-0.6905505348914335
CA010110012,10.428571428571429,1,No infection,CC,0,0,5567,1,-0.8268607888498938,-0.6271031909862843,-2.163964267749292
CA010110013,51,0,No infection,CC,0,0,74004,2,-0.8268607888498938,0.05072306063523448,-2.163964267749292
CA010110014,51,0,Mutans/Velifera First,CC,29884,97134,0,5,1.3082107235567308,-2.8868215120512333,0.38940729760423354
CA010110015,51,0,Mutans/Velifera First,CC,18063,311378,34371,4,1.203906066626971,-0.15020426608732876,0.6484183293041975
CA010110016,51,0,No infection,CC,0,539,92040,3,-0.8268607888498938,0.1078662284368051,-0.7650689590573735
CA010110017,51,0,Mutans/Velifera First,CC,0,1943,715248,4,-0.8268607888498938,0.6450756127203267,-0.48026046257355764
CA010110018,51,0,Mutans/Velifera First,CC,3040,169411,267383,9,0.8347561924013557,0.38727942034731044,0.5130823482163376
CA010110019,45.714285714285715,0,No infection,CC,181058,785239,10894,7,1.6814487157847797,-0.4512291709750775,0.8540821585981527
CA010110020,45.857142857142854,0,Mutans/Velifera First,CC,724,714939,245034,9,0.5376995894328,0.3644105775933239,0.8332283016570659
CA010110021,45.42857142857143,0,Parva First,CT,201597,339985,68124,4,1.7037113691751407,0.029032277367415538,0.6679609856301065
CA010110022,51,0,No infection,CT,0,0,149380,2,-0.8268607888498938,0.2347452026464353,-2.163964267749292
CA010110023,51,0,Mutans/Velifera First,CC,0,95849,89360,9,-0.8268607888498938,0.1001241059907198,0.3864462715570642
CA010110024,51,0,Mutans/Velifera First,CT,0,6290,1077,2,-0.8268607888498938,-1.0572928285868466,-0.21914532372372775
CA010110025,51,0,No infection,TT,0,0,76579,2,-0.8268607888498938,0.05968441329058079,-2.163964267749292
CA010110026,51,0,No infection,CT,0,0,0,0,-0.8268607888498938,-2.8868215120512333,-2.163964267749292
CA010110027,14.857142857142858,1,Mutans/Velifera First,CT,394965,437129,0,3,1.8430487182592483,-2.8868215120512333,0.7238419630306306
CA010110028,3.4285714285714284,0,No infection,TT,0,0,0,0,-0.8268607888498938,-2.8868215120512333,-2.163964267749292
CA010110029,51,0,No infection,CT,0,0,156814,3,-0.8268607888498938,0.2474698017770151,-2.163964267749292
CA010210031,51,0,Mutans/Velifera First,CT,0,1563,1205,2,-0.8268607888498938,-1.0278957030708777,-0.5286206110829854
CA010210032,45,0,Mutans/Velifera First,CT,8464,660331,310368,6,1.0468632679975716,0.4263377525526975,0.8155617289389314
CA010210033,51,0,No infection,CC,4579,6717,5344,4,0.9196013320711383,-0.6378123872925738,-0.20454386529112425
CA010210034,51,0,No infection,TT,0,0,1244388,5,-0.8268607888498938,0.7901646193424758,-2.163964267749292
CA010210035,51,0,No infection,CC,0,0,900826,5,-0.8268607888498938,0.705515042664478,-2.163964267749292
CA010210036,17.714285714285715,1,No infection,CT,0,2161,129036,3,-0.8268607888498938,0.19638777486391873,-0.45662836032413606
CA010210037,51,0,No infection,CC,0,0,519493,5,-0.8268607888498938,0.5612935850933345,-2.163964267749292
CA010210038,51,0,No infection,CT,0,0,4700,1,-0.8268607888498938,-0.6714499386713537,-2.163964267749292
CA010210039,51,0,Mutans/Velifera First,CT,0,1378,213677,4,-0.8268607888498938,0.3285343297091583,-0.5566111154076127
CA010210040,51,0,No infection,CT,0,0,177153,1,-0.8268607888498938,0.2794217201380034,-2.163964267749292
CA010210041,51,0,Mutans/Velifera First,CT,0,48361,167842,7,-0.8268607888498938,0.2652760932565937,0.2343471026783645
CA010210042,51,0,Mutans/Velifera First,CC,0,647,1282,2,-0.8268607888498938,-1.0116798371539522,-0.7245307777523557
CA010210043,51,0,Mutans/Velifera First,CC,47641,257851,132800,9,1.4048334265055915,0.20392102816098748,0.6064786030345978
CA010210044,51,0,No infection,CC,0,0,140976,2,-0.8268607888498938,0.21957437488100065,-2.163964267749292
CA010210045,51,0,No infection,CT,0,0,448016,1,-0.8268607888498938,0.5225108802154016,-2.163964267749292
CA010210046,51,0,No infection,CC,0,0,124830,2,-0.8268607888498938,0.18770543543941492,-2.163964267749292
CA010210047,51,0,No infection,TT,0,0,30135,2,-0.8268607888498938,-0.18466333119326125,-2.163964267749292
CA010210048,51,0,No infection,CC,13657,342899,192045,6,1.1459778700764756,0.3005694007882785,0.6698585661357538
CA010210049,51,0,No infection,CC,0,0,77191,2,-0.8268607888498938,0.06176992275282084,-2.163964267749292
CA010210050,51,0,Mutans/Velifera First,CC,4731,1568399,499794,8,0.9263657261918092,0.5511652832898999,1.007904892253201
CA010210051,51,0,No infection,CC,0,0,1537124,4,-0.8268607888498938,0.8455176986134587,-2.163964267749292
CA010210052,51,0,No infection,CC,0,0,286826,5,-0.8268607888498938,0.4056702835587186,-2.163964267749292
CA010210053,51,0,No infection,CT,0,0,1091758,2,-0.8268607888498938,0.7558803937678568,-2.163964267749292
CA010210054,18.285714285714285,0,No infection,CT,0,0,382932,2,-0.8268607888498938,0.4813840227292879,-2.163964267749292
CA010210055,51,0,Parva First,TT,42306,103591,207050,9,1.3802276072870205,0.3202799174581993,0.40371701629072565
CA010210056,51,0,No infection,CC,0,0,329608,2,-0.8268607888498938,0.44209595324667084,-2.163964267749292
CA010210057,51,0,No infection,TT,6029,325552,821502,6,0.9765873384805598,0.6813642546389892,0.6583158701215828
CA010210058,16.857142857142858,0,No infection,CC,2044,158557,23284,4,0.7525472770118891,-0.25223672637073646,0.49836022115776696
CA010310061,51,0,Parva First,CC,424762,481421,274687,10,1.8581176802363555,0.3943404134417895,0.7453012216343078
CA010310062,51,0,Mutans/Velifera First,CC,0,11872,31046,5,-0.8268607888498938,-0.176860442362505,-0.07792395862477054
CA010310063,51,0,Mutans/Velifera First,CC,0,34865,1204945,5,-0.8268607888498938,0.7817255411897517,0.16159550970272252
CA010310064,27.857142857142858,0,Mutans/Velifera First,CT,0,144451,3799,4,-0.8268607888498938,-0.7271973432788534,0.4776436832223925
CA010310065,51,0,Mutans/Velifera First,CT,0,147746,589649,7,-0.8268607888498938,0.5944824797455414,0.4826584569153113
CA010310066,51,0,Mutans/Velifera First,CC,0,86865,372053,4,-0.8268607888498938,0.47383283484367855,0.36456362971893275
CA010310067,51,0,Mutans/Velifera First,CT,0,31639,887746,5,-0.8268607888498938,0.701682876910326,0.1400080898239878
CA010310068,51,0,Mutans/Velifera First,CT,0,43359,1146785,6,-0.8268607888498938,0.768763874647855,0.2100722002404001
CA010310069,11.571428571428571,1,Parva First,CC,173972,239786,26625,5,1.6731772775061735,-0.21710772135152587,0.5903286719984765
CA010310070,51,0,Parva First,TT,1888,20472,117063,7,0.7361070525637489,0.17087437640512868,0.04321818339250143
CA010310071,51,0,No infection,CT,833855,1038634,791663,11,1.9978704965713479,0.6716705410140164,0.9162659407131677
CA010310072,51,0,Mutans/Velifera First,CT,0,135500,723893,5,-0.8268607888498938,0.6482233754162126,0.46342069913957357
CA010310073,51,0,Mutans/Velifera First,CT,0,48759,8679,3,-0.8268607888498938,-0.5107777769728027,0.23616942049776057
CA010310074,51,0,Parva First,CT,1401,134819,808855,6,0.6743351012777039,0.6772993655808546,0.46230042456058185
CA010310075,51,0,No infection,CT,0,0,590251,4,-0.8268607888498938,0.5947498335103161,-2.163964267749292
CA010310076,51,0,Mutans/Velifera First,TT,0,70093,230519,7,-0.8268607888498938,0.3484117956685208,0.31686419119921433
CA010310077,51,0,Mutans/Velifera First,TT,0,609,360244,4,-0.8268607888498938,0.46538203056355215,-0.7379674379187906
CA010310078,51,0,Parva First,CC,29314,905981,1419279,8,1.3042208762348062,0.8246192946744147,0.8858840891156673
CA010310079,51,0,Mutans/Velifera First,CC,0,3126,43809,3,-0.8268607888498938,-0.08663722488801387,-0.3745742946636258
CA010310080,8.571428571428571,1,No infection,CC,0,0,0,0,-0.8268607888498938,-2.8868215120512333,-2.163964267749292
CA010310081,51,0,Mutans/Velifera First,TT,0,561063,927876,4,-0.8268607888498938,0.7132666407103965,0.7793400975575819
CA010310082,17.857142857142858,0,Mutans/Velifera First,CT,52057,74105,0,2,1.423199142466,-2.8868215120512333,0.32923972664523965
CA010310083,51,0,Mutans/Velifera First,CC,0,148822,277379,7,-0.8268607888498938,0.3968955942428551,0.4842718611616553
CA010310084,51,0,Mutans/Velifera First,CT,41789,1117523,121849,9,1.377680159930784,0.1813728197880888,0.9325433696178292
CA010310085,51,0,Mutans/Velifera First,CC,0,93502,83300,5,-0.8268607888498938,0.08172528514085706,0.38093414250052204
CA010310086,51,0,No infection,CT,18525,128965,810550,8,1.209138363219056,0.6778478313926242,0.45243016615400017
CA010310087,51,0,Mutans/Velifera First,CT,20494,896522,146624,8,1.2300653180788905,0.22986624597611446,0.8835504753934804
CA010310088,51,0,Mutans/Velifera First,TT,0,37732,196830,5,-0.8268607888498938,0.3070174347512778,0.17916581097135392
CA020410091,51,0,Mutans/Velifera First,CC,1284,25731,140424,4,0.6562807203662359,0.21854648126823084,0.09405243495033151
CA020410092,51,0,Mutans/Velifera First,CT,0,146591,729718,9,-0.8268607888498938,0.6503232104074365,0.4809134681340773
CA020410093,21.428571428571427,1,Mutans/Velifera First,CC,173632,188640,0,4,1.6727719729382873,-2.8868215120512333,0.536987068460497
CA020410094,51,0,No infection,CT,6748,626238,1202948,11,0.999926251910958,0.7812909545890269,0.8037751062364814
CA020410095,51,0,Mutans/Velifera First,CT,0,99085,639276,9,-0.8268607888498938,0.6156545774373781,0.3938289269378851
CA020410096,51,0,Mutans/Velifera First,CC,0,26573,351400,8,-0.8268607888498938,0.45886960468876836,0.10121146747214967
CA020410097,51,0,Mutans/Velifera First,CT,0,1852,70007,4,-0.8268607888498938,0.03617585044071651,-0.4909200452463746
CA020410098,51,0,Mutans/Velifera First,CT,569,350729,722033,7,0.4878641237014097,0.647549309716458,0.6748786223195176
CA020410099,51,0,Mutans/Velifera First,CC,795,73007,325969,9,0.5570564349130364,0.4391872648730334,0.3259206854995888
CA020410100,51,0,No infection,CC,4577,82353,196886,4,0.9195108382200949,0.30709196601276717,0.35270385096164164
CA020410101,51,0,Mutans/Velifera First,CT,0,178985,999570,9,-0.8268607888498938,0.7327667149945057,0.5253055044061956
CA020410102,51,0,Mutans/Velifera First,CT,0,103141,35770,4,-0.8268607888498938,-0.1397516093644627,0.40274905602998295
CA020410103,51,0,Mutans/Velifera First,CT,0,1518,794280,4,-0.8268607888498938,0.672535213633931,-0.5351118272147646
CA020410104,1,0,No infection,CT,0,0,48457,3,-0.8268607888498938,-0.0602180961931105,-2.163964267749292
CA020410105,51,0,Mutans/Velifera First,CT,0,1384,585384,5,-0.8268607888498938,0.5925805001554141,-0.555645798018221
CA020410106,51,0,Mutans/Velifera First,CC,0,132602,731038,5,-0.8268607888498938,0.6507967229512257,0.45861376426108275
CA020410107,51,0,Mutans/Velifera First,CT,0,78053,107237,6,-0.8268607888498938,0.14790456819406947,0.34078037920508364
CA020410108,51,0,Mutans/Velifera First,CC,3413,1650632,359820,6,0.8587272045802589,0.4650734778897193,1.0192673279999096
CA020410109,51,0,No infection,TT,23390,167034,308305,6,1.257449126438434,0.4245904263763281,0.5099405666777849
CA020410110,51,0,Mutans/Velifera First,CT,0,7127,50303,4,-0.8268607888498938,-0.05042256218188627,-0.19137213744412038
CA020410111,40.57142857142857,0,Mutans/Velifera First,CT,0,4988,2555,2,-0.8268607888498938,-0.8310964749098267,-0.2707035605241915
CA020410112,51,0,Mutans/Velifera First,TT,59699,694581,546901,6,1.4515780966883607,0.57476428635844,0.826805127632251
CA020410113,51,0,No infection,CC,771,89129,383388,7,0.5507135211196802,0.4816958322075817,0.37028439090558896
CA020410114,51,0,No infection,CC,23300,117786,42829,6,1.2566504143133017,-0.09256459255887518,0.4322699983116356
CA020410116,51,0,No infection,CC,0,0,90972,1,-0.8268607888498938,0.10480829813934685,-2.163964267749292
CA020410117,51,0,Mutans/Velifera First,CC,11458,1619372,356396,6,1.109606429444117,0.46256836359301856,1.0150161441220238
CA020410118,51,0,Mutans/Velifera First,TT,0,650307,92902,9,-0.8268607888498938,0.11030856705565817,0.8121606058958495
CA020410119,51,0,Mutans/Velifera First,CT,0,54092,418133,6,-0.8268607888498938,0.5044250395478446,0.2592475448742403
CA020510121,51,0,Mutans/Velifera First,CC,28039,56200,243919,8,1.2950078955285709,0.36321564765842307,0.267747719433178
CA020510122,51,0,Mutans/Velifera First,CC,1398,775726,1908814,11,0.6738912903218458,0.9022593134467051,0.8513720581533565
CA020510123,51,0,Mutans/Velifera First,CT,23980,1414158,160063,8,1.2626102285915062,0.25284268231176704,0.9848875789707167
CA020510124,51,0,Mutans/Velifera First,CC,0,36208,33199,4,-0.8268607888498938,-0.15929376843225507,0.16999914265156538
CA020510125,39.142857142857146,0,Mutans/Velifera First,CC,3440,74232,33034,4,0.8603593101913763,-0.16059913658916514,0.32962044578979205
CA020510126,51,0,Mutans/Velifera First,CT,0,63820,158008,6,-0.8268607888498938,0.24945715145560748,0.29601831017092706
CA020510127,51,0,Mutans/Velifera First,CT,0,15199,119173,4,-0.8268607888498938,0.17555474395317666,-0.0229985464550299
CA020510128,51,0,Mutans/Velifera First,CT,0,50229,213912,4,-0.8268607888498938,0.32882231815415874,0.2427735285948604
CA020510129,51,0,Parva First,CT,30243,77523,870138,7,1.3106847556833554,0.6964339616714503,0.3392654734993983
CA020510130,51,0,Mutans/Velifera First,CT,0,36580,183763,6,-0.8268607888498938,0.2890196416365474,0.17227178574484728
CA020510131,51,0,Mutans/Velifera First,CT,0,50382,681347,6,-0.8268607888498938,0.6323534063000353,0.24344975776817035
CA020510132,51,0,No infection,CC,96895,305674,388776,8,1.5519194043005569,0.4853522824953225,0.6443075425222274
CA020510133,51,0,No infection,CT,0,0,175647,3,-0.8268607888498938,0.2771848937181023,-2.163964267749292
CA020510134,51,0,Mutans/Velifera First,CT,4870,6403,185494,6,0.9323640224453862,0.2914760743491278,-0.21518698054024218
CA020510135,51,0,Mutans/Velifera First,CT,907,226049,342890,8,0.5843314322014925,0.4524465020533505,0.5772115037904256
CA020510136,51,0,No infection,CT,4017,246695,1662635,9,0.8924776758382851,0.8660824207895574,0.5966445387778826
CA020510138,51,0,Mutans/Velifera First,CT,1185,75925,221024,7,0.639670144381372,0.3373914893430447,0.3346343984590779
CA020510139,51,0,Mutans/Velifera First,CT,1305,67445,435109,9,0.6596392648023506,0.5148519381471368,0.3083017251193052
CA020510140,51,0,Mutans/Velifera First,CT,0,6049,0,2,-0.8268607888498938,-2.8868215120512333,-0.22783049010351666
CA020510141,51,0,Parva First,CT,7842,1106053,497200,9,1.0310511475440094,0.5498019148130914,0.9302494872808968
CA020510142,4.142857142857143,1,Parva First,CC,100993,100993,0,1,1.5605016294774094,-2.8868215120512333,0.3980696908234821
CA020510143,51,0,Mutans/Velifera First,CC,1233919,1605025,489111,8,2.0790646223073823,0.54550431939749,1.0130374829912563
CA020510144,51,0,Parva First,CC,136803,263639,97213,6,1.6233800217416305,0.12219269268652623,0.6114143733508535
CA020510145,51,0,Mutans/Velifera First,CC,5849,111304,63638,5,0.9703085043811094,0.011185241596648313,0.41968447515165
CA020510146,51,0,Mutans/Velifera First,CT,0,21568,10700,4,-0.8268607888498938,-0.455936513560231,0.05481347923013867
CA020510147,51,0,Parva First,CC,14100,370952,3490004,8,1.152591295941016,1.060357105446009,0.6873429556669592
CA020510148,51,0,Mutans/Velifera First,CT,7665,97566,868622,9,1.0263218348025782,0.6959770893128342,0.390393963876396
CA020610151,51,0,Mutans/Velifera First,CC,5948,325659,541948,6,0.9737853859067425,0.5723806577920911,0.6583889363946798
CA020610152,51,0,Mutans/Velifera First,TT,0,18453,174058,4,-0.8268607888498938,0.2748038998721813,0.02013309677517058
CA020610153,51,0,No infection,CT,0,0,160701,1,-0.8268607888498938,0.2538849244679684,-2.163964267749292
CA020610155,51,0,Mutans/Velifera First,CC,0,34368,68455,5,-0.8268607888498938,0.030302191242291728,0.15840327813503252
CA020610156,51,0,Mutans/Velifera First,CC,7624,563391,2214180,12,1.0252107717232843,0.9411404972618441,0.7802607535117099
CA020610157,51,0,Parva First,CT,1392,13156,349387,6,0.6730008061344053,0.4573644074758672,-0.05509207205826233
CA020610158,3,0,Parva First,CC,271024,271024,0,1,1.7650249536878504,-2.8868215120512333,0.6175569785200331
CA020610159,51,0,Mutans/Velifera First,TT,0,217985,827787,4,-0.8268607888498938,0.6833611063169422,0.5691347596547592
CA020610160,10.142857142857142,0,No infection,TT,0,0,1631,1,-0.8268607888498938,-0.9486406400174774,-2.163964267749292
CA020610161,11.285714285714286,0,No infection,CC,0,0,0,0,-0.8268607888498938,-2.8868215120512333,-2.163964267749292
CA020610162,51,0,Mutans/Velifera First,CT,0,97213,10671,3,-0.8268607888498938,-0.45664751174353757,0.3895880570665077
CA020610163,51,0,Mutans/Velifera First,TT,1909,541357,34574,4,0.7383976255348387,-0.14866143766401552,0.7713903542666791
CA020610164,51,0,Mutans/Velifera First,CT,0,49836,17634,3,-0.8268607888498938,-0.3250535073006241,0.24102706257872225
CA020610165,51,0,Parva First,CT,1462,40905,360114,7,0.6831590008016698,0.4652874657697305,0.19711827952313982
CA020610166,51,0,Mutans/Velifera First,CC,0,2620,82056,2,-0.8268607888498938,0.0777830813132763,-0.4138221217541746
CA020610167,51,0,Mutans/Velifera First,CT,0,39811,0,3,-0.8268607888498938,-2.8868215120512333,0.19109088304839594
CA020610168,51,0,No infection,CC,0,0,235432,2,-0.8268607888498938,0.35393710325170824,-2.163964267749292
CA020610169,51,0,Mutans/Velifera First,CT,0,546638,352014,6,-0.8268607888498938,0.4593270002558031,0.7735488347004262
CA020610170,51,0,Parva First,CT,2893,2893,168924,2,0.8244908095559598,0.2669596728374164,-0.39179141281110685
CA020610171,51,0,Parva First,CT,91624,98546,122118,3,1.540330664913888,0.18195058783834792,0.3926161341248254
CA020610173,51,0,Mutans/Velifera First,CT,0,559099,212966,7,-0.8268607888498938,0.3276610787832149,0.7785604172718278
CA020610174,51,0,Mutans/Velifera First,CT,0,592156,402870,6,-0.8268607888498938,0.4946823277783801,0.7913326489813547
CA020610175,51,0,Mutans/Velifera First,CT,0,5433,788901,4,-0.8268607888498938,0.6707548537089866,-0.2517064481227623
CA020610176,51,0,Mutans/Velifera First,CT,0,97608,525652,7,-0.8268607888498938,0.5643815585989552,0.39048965664498164
CA020610177,51,0,Mutans/Velifera First,CC,0,1745,1090,3,-0.8268607888498938,-1.0541521411803856,-0.5041447557476382
CA020610178,51,0,Mutans/Velifera First,TT,0,133422,0,3,-0.8268607888498938,-2.8868215120512333,0.4599844799363063
CA020610179,51,0,Mutans/Velifera First,TT,0,14427,0,3,-0.8268607888498938,-2.8868215120512333,-0.03458817496482303
CA030710181,51,0,Parva First,CC,141841,266355,589196,7,1.6308727914890808,0.5942811182198403,0.6136932310728388
CA030710182,51,0,Parva First,TT,2307,49089,62886,7,0.7776133366126146,0.008070809343057896,0.23766914329178349
CA030710183,51,0,Mutans/Velifera First,CT,0,125971,290772,5,-0.8268607888498938,0.40925019567644494,0.4472074860573233
CA030710184,51,0,No infection,CC,2831,1788736,1563396,9,0.8200039029890538,0.8499579179605522,1.0371329099308562
CA030710185,51,0,Mutans/Velifera First,CC,7847,461272,1525446,6,1.0311831886348783,0.8435195859115918,0.7357950713324319
CA030710186,51,0,Mutans/Velifera First,TT,686,48584,158619,10,0.5265452594564232,0.25046832750030884,0.23536998928089117
CA030710187,9,0,Parva First,CT,221847,223832,0,4,1.723542528159174,-2.8868215120512333,0.5750200825736708
CA030710188,51,0,Mutans/Velifera First,CC,0,86856,203509,6,-0.8268607888498938,0.315760372451059,0.36454059189657434
CA030710189,51,0,No infection,CC,6264,1363468,592088,7,0.9845083734517543,0.5955639798380408,0.9767713803783575
CA030710190,51,0,Parva First,CC,202781,354008,1708023,9,1.704924626669092,0.8731388999379133,0.6769476794411013
CA030710191,51,0,Mutans/Velifera First,CC,0,439430,590175,5,-0.8268607888498938,0.5947160962507301,0.7250092878191065
CA030710192,51,0,Mutans/Velifera First,CC,0,329971,131912,7,-0.8268607888498938,0.20216321222784092,0.6613136349297224
CA030710193,51,0,Mutans/Velifera First,CT,0,307237,0,2,-0.8268607888498938,-2.8868215120512333,0.6454415536661596
CA030710194,5.285714285714286,0,No infection,CT,0,0,0,0,-0.8268607888498938,-2.8868215120512333,-2.163964267749292
CA030710195,51,0,Mutans/Velifera First,TT,11460,980796,122293,8,1.1096425875015683,0.18232577635158986,0.9035262448388777
CA030710196,51,0,Mutans/Velifera First,CT,0,433862,181653,5,-0.8268607888498938,0.2859938915239059,0.7221739757199318
CA030710197,51,0,Mutans/Velifera First,CC,0,2182,210641,4,-0.8268607888498938,0.3247850193789617,-0.45447909945628134
CA030710198,51,0,Mutans/Velifera First,CC,0,409816,1972087,7,-0.8268607888498938,0.9108032858144933,0.709496319750386
CA030710199,33.142857142857146,0,Mutans/Velifera First,CT,0,73851,212926,6,-0.8268607888498938,0.32761186415787946,0.328476327047187
CA030710200,41.57142857142857,0,Mutans/Velifera First,CT,97111,133492,666212,6,1.5523807473680962,0.6264678439283539,0.4601011017195727
CA030710201,8.285714285714286,1,Parva First,CT,98845,98845,0,1,1.5560475466498116,-2.8868215120512333,0.39328972471067164
CA030710202,51,0,Mutans/Velifera First,CC,0,67614,7617,5,-0.8268607888498938,-0.5449711324785086,0.30885815853917403
CA030710203,23.428571428571427,1,Mutans/Velifera First,CT,0,2882,0,2,-0.8268607888498938,-2.8868215120512333,-0.3926381469659856
CA030710204,51,0,Mutans/Velifera First,CC,0,588084,346973,7,-0.8268607888498938,0.45554788969243426,0.7897984041705741
CA030710205,51,0,Mutans/Velifera First,CT,0,883777,269418,5,-0.8268607888498938,0.38926591441364566,0.8803669372389142
CA030710206,51,0,Mutans/Velifera First,CT,678,55359,16232,6,0.5241184596033492,-0.34675763982810315,0.2643953794248307
CA030710207,51,0,Mutans/Velifera First,TT,0,100501,37258,5,-0.8268607888498938,-0.12907342407214448,0.3969838759843723
CA030710208,51,0,No infection,CC,3600,291612,745334,9,0.8697757865069807,0.6558709212786403,0.6338362618878609
CA030810211,2.142857142857143,0,Mutans/Velifera First,CT,0,29660,0,3,-0.8268607888498938,-2.8868215120512333,0.12564706559761235
CA030810212,51,0,Mutans/Velifera First,CC,0,184835,756207,5,-0.8268607888498938,0.659665424428533,0.5324564023057671
CA030810213,51,0,Mutans/Velifera First,CT,1138,71114,4283,4,0.6312924642194601,-0.6957868687180446,0.3200795331645184
CA030810214,51,0,Mutans/Velifera First,TT,0,136347,313026,7,-0.8268607888498938,0.42857198991180534,0.46480622077468153
CA030810215,51,0,No infection,CC,6141,821951,1266139,6,0.980400261552309,0.7947046686048113,0.8642416524032688
CA030810216,51,0,No infection,CC,5166,33368,78219,5,0.9445865254536697,0.06523609876018494,0.15183796538865119
CA030810217,27.571428571428573,0,Parva First,CT,42333,97441,167383,6,1.3803597894031066,0.2645586134559009,0.39010892004094727
CA030810218,51,0,Mutans/Velifera First,CC,10259,432035,272784,7,1.086707729064354,0.3925189790016427,0.7212357049441678
CA030810219,51,0,Mutans/Velifera First,CT,0,1109,8237,3,-0.8268607888498938,-0.5244710668615413,-0.6048595401962747
CA030810220,51,0,Mutans/Velifera First,CT,0,592999,7797,5,-0.8268607888498938,-0.538852473434389,0.7916489553947855
CA030810221,51,0,Mutans/Velifera First,CC,0,353180,684438,8,-0.8268607888498938,0.6335393183564513,0.676427023701672
CA030810222,51,0,Mutans/Velifera First,CC,0,3944,292696,5,-0.8268607888498938,0.41097811643924204,-0.3229070370312525
CA030810223,51,0,Mutans/Velifera First,CT,0,1287,123906,3,-0.8268607888498938,0.1857588765667427,-0.571790118042396
CA030810224,51,0,Mutans/Velifera First,CC,0,1275,12955,2,-0.8268607888498938,-0.40583588980235136,-0.5738713602847013
CA030810225,51,0,No infection,CC,0,0,355205,3,-0.8268607888498938,0.46169134235770576,-2.163964267749292
CA030810226,51,0,Mutans/Velifera First,CC,0,822541,709524,4,-0.8268607888498938,0.6429704208088126,0.864401194748898
CA030810227,51,0,Mutans/Velifera First,CC,0,505330,714986,7,-0.8268607888498938,0.6449796219883837,0.7560781303513214
CA030810228,51,0,Mutans/Velifera First,CC,0,546225,186930,5,-0.8268607888498938,0.2934965439098868,0.7733807842074965
CA030810229,51,0,Mutans/Velifera First,CT,0,327752,1240644,8,-0.8268607888498938,0.7893751422264289,0.6598133600547297
CA030810230,51,0,Mutans/Velifera First,CC,0,992370,0,2,-0.8268607888498938,-2.8868215120512333,0.9061346835159374
CA030810231,51,0,Mutans/Velifera First,CT,0,60302,0,4,-0.8268607888498938,-2.8868215120512333,0.28341128444462127
CA030810232,51,0,Mutans/Velifera First,CC,0,297949,860479,4,-0.8268607888498938,0.6935093317386284,0.638616245953613
CA030810233,51,0,Mutans/Velifera First,CT,0,867,1327202,3,-0.8268607888498938,0.8070452087115397,-0.6595392765597385
CA030810234,31.142857142857142,0,Mutans/Velifera First,CT,1911,101649,357461,4,0.7386144603727041,0.46335012315706325,0.39950924443326163
CA030810235,51,0,No infection,CC,0,0,130639,1,-0.8268607888498938,0.19962252892029606,-2.163964267749292
CA030810236,51,0,No infection,CC,0,0,211010,2,-0.8268607888498938,0.32524359081007914,-2.163964267749292
CA030810237,51,0,Mutans/Velifera First,CC,0,36404,147988,6,-0.8268607888498938,0.23229229629958367,0.17119945148182877
CA030810238,51,0,Mutans/Velifera First,TT,15219,776518,179931,6,1.1684129540260337,0.28349837450604065,0.8515989510532188
CA030910241,45.857142857142854,0,Mutans/Velifera First,CT,5689,269894,678115,7,0.9645629530136929,0.6311076296938856,0.6166280072739078
CA030910242,51,0,Mutans/Velifera First,CT,2754,723898,623144,8,0.8142926781181384,0.6089581523900574,0.8359972138525976
CA030910243,51,0,Mutans/Velifera First,CT,2060,253568,585215,7,0.7541619810925754,0.5925048493546761,0.6027543780727032
CA030910244,51,0,Mutans/Velifera First,CT,15828,415796,1609732,9,1.1765415415215068,0.8576103108497269,0.7127172992895393
CA030910245,51,0,Mutans/Velifera First,CC,13697,435472,1352228,8,1.1465837651381112,0.811939581466256,0.7229975351490552
CA030910246,51,0,Mutans/Velifera First,CC,0,188351,0,2,-0.8268607888498938,-2.8868215120512333,0.5366461732673791
CA030910247,46.42857142857143,0,Mutans/Velifera First,CC,60196,301183,117136,6,1.4532957688088652,0.17103770786410646,0.6410166066306705
CA030910248,51,0,Mutans/Velifera First,CC,0,2384,100749,3,-0.8268607888498938,0.13155338437465625,-0.43480182998540245
CA030910249,51,0,Mutans/Velifera First,CT,0,620952,800864,6,-0.8268607888498938,0.6746980694150416,0.8018903608943142
CA030910250,51,0,Mutans/Velifera First,CC,574,863768,716942,8,0.48967361702568085,0.6456954077332209,0.8752751325746897
CA030910251,51,0,No infection,CC,0,0,14461,2,-0.8268607888498938,-0.3770246303883788,-2.163964267749292
CA030910252,51,0,Mutans/Velifera First,CC,7792,401991,48965,5,1.029726087587033,-0.057485739432429524,0.7052098459762688
CA030910253,51,0,Mutans/Velifera First,CC,0,1500307,2172219,6,-0.8268607888498938,0.9361276270752505,0.9980360080734819
CA030910254,26.285714285714285,1,Mutans/Velifera First,CT,0,146262,31963,5,-0.8268607888498938,-0.16923404660144206,0.4804138943117578
CA030910255,51,0,Mutans/Velifera First,CT,0,5856,331608,5,-0.8268607888498938,0.4436809280584961,-0.23503906192208854
CA030910256,0.5714285714285714,1,No infection,CC,0,0,0,0,-0.8268607888498938,-2.8868215120512333,-2.163964267749292
CA030910257,51,0,Parva First,CC,6472,10748,563505,5,0.9912752834746782,0.5826003549123777,-0.10003704257999041
CA030910258,51,0,Mutans/Velifera First,CT,958,545111,1017959,7,0.5956534445112839,0.7375429494316561,0.7729268610910993
CA030910259,49.285714285714285,0,Mutans/Velifera First,CC,0,180558,439842,6,-0.8268607888498938,0.5176865377924071,0.5272510189230973
CA030910260,51,0,Mutans/Velifera First,CT,0,977796,211450,5,-0.8268607888498938,0.3257893497961133,0.9028451095040608
CA030910261,51,0,Mutans/Velifera First,CT,553,378418,340952,11,0.481965200868735,0.450961477593515,0.6917735412485363
CA030910262,51,0,Mutans/Velifera First,CC,0,18315,1029999,6,-0.8268607888498938,0.7406236233585902,0.018464145216390167
CA030910263,51,0,Mutans/Velifera First,CC,351148,870770,766147,9,1.8186859522173162,0.6630868889843969,0.8770702645463893
CA030910264,51,0,Mutans/Velifera First,CT,0,13332,166378,4,-0.8268607888498938,0.2629807664272064,-0.05213750850720913
CA030910265,51,0,Mutans/Velifera First,TT,5889,570271,1159920,8,0.9717203372287695,0.77174773195049,0.7829595221228237
CA030910266,51,0,No infection,CC,8220,106256,541813,9,1.0408034685318035,0.572315384553199,0.4093646938604413
CA030910267,51,0,Mutans/Velifera First,CC,0,70959,809133,4,-0.8268607888498938,0.6773893991940542,0.3195943894136353
CA030910268,51,0,Mutans/Velifera First,CC,0,53206,374250,5,-0.8268607888498938,0.4753754254153147,0.25557556657106967
CA031010271,51,0,Mutans/Velifera First,CT,0,5451,81055,4,-0.8268607888498938,0.07456729882036993,-0.2509711544873776
CA031010272,51,0,Mutans/Velifera First,CC,0,1115671,511199,7,-0.8268607888498938,0.557076820370534,0.9321745869714494
CA031010273,51,0,Mutans/Velifera First,TT,566,122840,50767,7,0.48677079309736443,-0.04801694850416694,0.4416113384522278
CA031010274,51,0,No infection,CC,214045,409356,400191,7,1.7161249668185758,0.49293425133585117,0.7092466085895641
CA031010275,51,0,Mutans/Velifera First,CC,0,15448,0,2,-0.8268607888498938,-2.8868215120512333,-0.019385705619481077
CA031010276,51,0,Mutans/Velifera First,CC,13771,281237,423816,7,1.1477000211678337,0.5079620239688494,0.6257815472772942
CA031010277,51,0,Parva First,CT,6480,320427,6124,7,0.9915311867570734,-0.6021231140931875,0.6547877815993393
CA031010278,51,0,Parva First,CC,26139,451529,259659,8,1.2804706397488044,0.3795994030320973,0.731048408614713
CA031010279,51,0,Mutans/Velifera First,CT,0,15094,0,2,-0.8268607888498938,-2.8868215120512333,-0.02453980790905351
CA031010280,51,0,Mutans/Velifera First,CT,0,201834,47405,5,-0.8268607888498938,-0.06596869857989546,0.5520186173708114
CA031010281,45.42857142857143,0,Mutans/Velifera First,TT,0,35016,11041,4,-0.8268607888498938,-0.4477177547424553,0.16255637457944896
CA031010282,51,0,Mutans/Velifera First,CT,569,896996,1040800,7,0.4878641237014097,0.7433567845836957,0.883667999880355
CA031010283,51,0,Mutans/Velifera First,CC,0,200886,93310,6,-0.8268607888498938,0.11145667901630577,0.5509718262736055
CA031010284,51,0,Mutans/Velifera First,CC,0,164761,11580,4,-0.8268607888498938,-0.43523080173339124,0.5068941450451502
CA031010285,51,0,Mutans/Velifera First,CC,0,142631,24877,4,-0.8268607888498938,-0.234898830083985,0.47482449252660186
CA031010286,51,0,Mutans/Velifera First,CC,33530,2195214,945490,9,1.3320606328362168,0.7181936502718349,1.0826624234968365
CA031010287,51,0,Mutans/Velifera First,CT,0,482543,62960,6,-0.8268607888498938,0.008378930247591596,0.7458188136552143
CA031010288,51,0,Mutans/Velifera First,CT,0,132068,506128,4,-0.8268607888498938,0.5544648304590705,0.4577165625709206
CA031010289,51,0,Mutans/Velifera First,CC,0,1331,40441,2,-0.8268607888498938,-0.10759567071395114,-0.5643213588912569
CA031010290,51,0,Mutans/Velifera First,CT,0,892494,2661,5,-0.8268607888498938,-0.8204502103603407,0.8825492503098722
CA031010291,51,0,Mutans/Velifera First,CC,0,300568,46222,6,-0.8268607888498938,-0.0725898448828972,0.6405621282396468
CA031010292,51,0,Mutans/Velifera First,CC,0,83348,434393,6,-0.8268607888498938,0.5144204416756982,0.355374114743108
CA031010293,51,0,Mutans/Velifera First,CT,0,384003,950557,5,-0.8268607888498938,0.7195940051023977,0.6950310920140781
CA031010294,51,0,Mutans/Velifera First,CC,0,281787,1406,5,-0.8268607888498938,-0.9875078134105554,0.6262159480737965
CA031010295,51,0,Mutans/Velifera First,CC,0,1165,140045,3,-0.8268607888498938,0.2178383932856585,-0.5939159539085436
CA031010296,51,0,No infection,CC,0,0,6282,3,-0.8268607888498938,-0.5954502160461305,-2.163964267749292
CA031010298,51,0,Mutans/Velifera First,CT,0,31409,1011,5,-0.8268607888498938,-1.0738458694842994,0.1383859028587331
CA031010299,51,0,Parva First,CC,66778,132461,78505,7,1.4747946264640521,0.06619232614719776,0.4583772142332143
CA031110301,51,0,Parva First,CC,15701,232029,16401,5,1.1748725350065015,-0.34404405950038736,0.5830170189276839
CA031110302,51,0,Mutans/Velifera First,TT,0,574132,341663,6,-0.8268607888498938,0.4515072711074953,0.7844598215335482
CA031110303,51,0,Mutans/Velifera First,CC,0,757,360127,4,-0.8268607888498938,0.4652969237851703,-0.6896687977566143
CA031110304,51,0,Mutans/Velifera First,CC,15487,1154353,542056,8,1.1720294167725676,0.5724328646773441,0.9397529667607193
CA031110305,51,0,Mutans/Velifera First,CT,0,105785,2383297,8,-0.8268607888498938,0.9604245905062941,0.4083769282151476
CA031110306,51,0,Mutans/Velifera First,CT,0,115550,42623,4,-0.8268607888498938,-0.09382779040849297,0.42800856341563914
CA031110307,51,0,Mutans/Velifera First,CC,108453,1750406,187029,7,1.5752667183954416,0.2936352656745221,1.0323166069130654
CA031110308,44.42857142857143,1,No infection,CT,129867,132405,0,2,1.6126000075022247,-2.8868215120512333,0.45828319541734364
CA031110309,51,0,Mutans/Velifera First,CT,4506,796592,346920,11,0.9162724272209494,0.45550786593804937,0.8572737971286244
CA031110310,51,0,Mutans/Velifera First,CT,0,18394,0,4,-0.8268607888498938,-2.8868215120512333,0.01942109199056777
CA031110311,51,0,No infection,CC,0,0,30637,4,-0.8268607888498938,-0.18033489035860045,-2.163964267749292
CA031110312,51,0,Mutans/Velifera First,CT,3130,807413,307871,8,0.8407989765853672,0.42422134738460743,0.8602738158317962
CA031110313,51,0,Mutans/Velifera First,CC,243162,273522,4923,4,1.7425496456159888,-0.6593071743932789,0.6195969098541434
CA031110314,26.571428571428573,1,Mutans/Velifera First,CC,0,667683,12502,4,-0.8268607888498938,-0.41516066589881,0.8180235861703147
CA031110315,51,0,No infection,CC,0,0,432852,4,-0.8268607888498938,0.5134893423717558,-2.163964267749292
CA031110316,51,0,Mutans/Velifera First,CT,2759,179423,65680,6,0.8146683548641681,0.019460124422351625,0.5258489429578905
CA031110317,51,0,No infection,CC,0,0,64058,3,-0.8268607888498938,0.012908706617175253,-2.163964267749292
CA031110318,51,0,Mutans/Velifera First,CC,0,1067457,56686,5,-0.8268607888498938,-0.019123641836643328,0.9223521234616263
CA031110319,51,0,Mutans/Velifera First,CC,0,347899,75227,5,-0.8268607888498938,0.055017505415638934,0.6730772735135245
CA031110320,51,0,Parva First,CC,47883,276286,143100,9,1.405883172942777,0.22349234136048435,0.6218324645432866
CA031110321,51,0,Mutans/Velifera First,CT,61822,79995,114079,5,1.4588178773152238,0.16410924814312242,0.3462446576131446
CA031110322,51,0,Mutans/Velifera First,TT,0,75639,22085,4,-0.8268607888498938,-0.2660876161449607,0.33379528440462586
CA031110323,51,0,No infection,CC,49270,585937,2070726,10,1.4117992050034305,0.9235908169523402,0.7889851764776435
CA031110324,51,0,Mutans/Velifera First,CT,128693,802411,211254,10,1.6107185427350479,0.32554637937717684,0.8588920883881058
CA031110325,25.714285714285715,0,Mutans/Velifera First,CT,0,235512,152802,5,-0.8268607888498938,0.24067941136575327,0.5863298263097604
CA031110326,44.57142857142857,0,Mutans/Velifera First,CC,0,365660,386336,5,-0.8268607888498938,0.4837027480374616,0.6841481564114199
CA031110327,51,0,Mutans/Velifera First,CC,0,24400,0,2,-0.8268607888498938,-2.8868215120512333,0.08224344728693188
CA031110328,51,0,No infection,CC,0,0,636506,2,-0.8268607888498938,0.614516847953899,-2.163964267749292
CA031210331,51,0,No infection,CT,0,0,334020,4,-0.8268607888498938,0.44557974032800635,-2.163964267749292
CA031210333,51,0,Mutans/Velifera First,CC,0,1371,129285,4,-0.8268607888498938,0.19689286875780762,-0.5577426416297196
CA031210334,35.57142857142857,0,No infection,CC,0,0,279813,5,-0.8268607888498938,0.39918463021444406,-2.163964267749292
CA031210335,24.714285714285715,1,Parva First,CC,7170,205153,25696,5,1.0124922220703718,-0.22641246541645696,0.5556451404415687
CA031210336,12.571428571428571,1,Parva First,CT,125165,142766,0,3,1.604959477874457,-2.8868215120512333,0.47503484014038855
CA031210337,11.142857142857142,0,Parva First,CC,50925,193459,18697,4,1.4186441897858306,-0.30971822836054463,0.5425957142796812
CA031210339,51,0,No infection,CC,0,0,102537,2,-0.8268607888498938,0.13616234165693186,-2.163964267749292
CA031210340,51,0,Parva First,CC,92066,166960,191217,6,1.5413277278484572,0.2994373427391637,0.5098420416202712
CA031210341,0.42857142857142855,0,No infection,CC,0,0,55869,2,-0.8268607888498938,-0.022927224743122476,-2.163964267749292
CA031210342,51,0,Mutans/Velifera First,TT,0,1655,1507340,6,-0.8268607888498938,0.8403911926974859,-0.5159117565509366
CA031210343,51,0,Mutans/Velifera First,CC,0,742133,957936,6,-0.8268607888498938,0.7216200280513689,0.8415286850534156
CA031210344,4.428571428571429,1,Parva First,CT,59736,59736,0,1,1.4517064634421468,-2.8868215120512333,0.28131451876787017
CA031210345,51,0,No infection,CC,0,0,611304,4,-0.8268607888498938,0.6039320974833905,-2.163964267749292
CA031210346,51,0,Mutans/Velifera First,TT,0,1403101,1484498,8,-0.8268607888498938,0.8363904565163219,0.9831422845831832
CA031210347,51,0,Mutans/Velifera First,CC,0,56881,2327770,9,-0.8268607888498938,0.9542481171890871,0.2704257237728994
CA031210348,51,0,No infection,CC,0,0,290521,5,-0.8268607888498938,0.4090239330242724,-2.163964267749292
CA031210349,51,0,No infection,CT,0,0,794690,5,-0.8268607888498938,0.672670421928333,-2.163964267749292
CA031210350,9,1,Parva First,CC,2536,30521,25790,3,0.7972132939598375,-0.22545580451216185,0.1320093808801382
CA031210351,51,0,No infection,CT,0,0,744660,4,-0.8268607888498938,0.6556338873383291,-2.163964267749292
CA031210353,51,0,Mutans/Velifera First,CC,0,893486,1363851,9,-0.8268607888498938,0.8141819855917201,0.8827962468530359
CA031210354,51,0,Parva First,CC,191391,788824,364578,9,1.692947672855816,0.4685152963047181,0.8550949581126637
CA031210355,51,0,Mutans/Velifera First,CC,0,347498,454366,7,-0.8268607888498938,0.5261983224023526,0.6728208448346917
CA031310361,51,0,Parva First,CT,952,12356,448415,8,0.5943531117784706,0.5227441136464295,-0.06904001168552079
CA031310362,51,0,Mutans/Velifera First,CT,1854,1251458,292908,9,0.7323439615444584,0.41116781589046364,0.957711545805467
CA031310363,51,0,No infection,CC,0,0,189742,3,-0.8268607888498938,0.29740849532962615,-2.163964267749292
CA031310364,51,0,Mutans/Velifera First,CT,0,255032,99249,6,-0.8268607888498938,0.12762327063749276,0.6040344089572632
CA031310365,11.142857142857142,0,No infection,CT,0,0,0,0,-0.8268607888498938,-2.8868215120512333,-2.163964267749292
CA031310366,51,0,Mutans/Velifera First,CT,0,3555,371742,3,-0.8268607888498938,0.47361373518330224,-0.345989197803227
CA031310367,16.714285714285715,0,Mutans/Velifera First,CT,0,249364,92298,2,-0.8268607888498938,0.10859962035321742,0.5990371598098693
CA031310368,34.57142857142857,0,Parva First,CC,197849,199121,108534,4,1.6998232301636682,0.15105437429096083,0.5490096681568749
CA031310369,51,0,Parva First,CC,189993,189993,73022,4,1.6914287557373027,0.047223176972556534,0.5385761095394205
CA031310370,19.857142857142858,0,Parva First,CC,1128,160563,25061,6,0.6294654182644093,-0.23296816491054828,0.5011555708165767
CA031310371,51,0,Mutans/Velifera First,CT,0,549,4235,2,-0.8268607888498938,-0.6987390427099268,-0.7609891304117522
CA031310372,51,0,Mutans/Velifera First,CC,0,203261,55865,5,-0.8268607888498938,-0.022945983436461804,0.5535850906040823
CA031310373,51,0,Mutans/Velifera First,CC,0,1194,0,2,-0.8268607888498938,-2.8868215120512333,-0.5884535968055854
CA031310374,51,0,No infection,CC,0,0,7553,3,-0.8268607888498938,-0.5471815556690672,-2.163964267749292
CA031310375,45.714285714285715,1,Mutans/Velifera First,CC,180819,773175,189450,8,1.6811750476138632,0.2970049826438109,0.8506396673769809
CA031310376,51,0,Mutans/Velifera First,CC,0,16824,135094,8,-0.8268607888498938,0.2084082083759447,-4.149238948159518e-4
CA031310377,51,0,Mutans/Velifera First,CT,0,47736,0,3,-0.8268607888498938,-2.8868215120512333,0.23145493473460693
CA031310378,51,0,Mutans/Velifera First,CT,0,4224,0,1,-0.8268607888498938,-2.8868215120512333,-0.3076608118104076
CA031310379,51,0,Mutans/Velifera First,CC,12447,446827,596001,10,1.12675819557408,0.5972898074955743,0.7287208888001931
CA031310380,51,0,Mutans/Velifera First,CC,0,104703,147852,5,-0.8268607888498938,0.23205140849056652,0.40609103544643926
CA031310381,14.714285714285714,0,No infection,CC,5105,413639,1806,4,0.9421260028549072,-0.9219525882430029,0.7115608570254751
CA031310382,51,0,Mutans/Velifera First,CC,0,38785,394401,10,-0.8268607888498938,0.4891158930097956,0.18528568859869735
CA031310383,51,0,No infection,CC,5006,21302,554524,6,0.9380694347838613,0.5783909965121511,0.052054364870780356
CA031310384,51,0,Mutans/Velifera First,CT,0,21452,307144,5,-0.8268607888498938,0.4236019302639908,0.053614464049771965
CA031310385,51,0,Parva First,CC,1351,1351,223920,3,0.6668111928798001,0.340802107468591,-0.5610076697973866
CA031310386,51,0,Mutans/Velifera First,CC,0,6908,140400,4,-0.8268607888498938,0.21850169863350627,-0.1983105687326614
CA031310387,46.714285714285715,0,Mutans/Velifera First,CT,4599,197562,286736,9,0.9205041032976022,0.4055880599865555,0.5472620006636778
CA031310388,51,0,Mutans/Velifera First,CC,0,885,48041,4,-0.8268607888498938,-0.06247703475877385,-0.6549756048212613
CA031410391,51,0,Mutans/Velifera First,CT,188640,477655,203423,8,1.6899480505576128,0.3156496310043628,0.7435550583402349
CA031410392,51,0,No infection,CT,2403,127251,208085,9,0.7860567053878741,0.3215863455773907,0.4494553242176018
CA031410393,51,0,No infection,CT,0,0,4924,1,-0.8268607888498938,-0.659253970480057,-2.163964267749292
CA031410394,51,0,Mutans/Velifera First,CT,31893,415779,566679,9,1.3216904763515196,0.5840719687177373,0.7127082084772932
CA031410395,43.714285714285715,0,No infection,TT,5611,97974,1129298,9,0.9617031514322089,0.7647378994872049,0.3913218121763862
CA031410396,51,0,Mutans/Velifera First,TT,0,107440,709958,8,-0.8268607888498938,0.6431306327762881,0.4118285305868347
CA031410397,51,0,Mutans/Velifera First,CC,0,130507,210535,6,-0.8268607888498938,0.3246531402989476,0.45507289055941613
CA031410398,51,0,Parva First,CC,367639,977469,774041,10,1.8281944408948987,0.6657726189083029,0.9027707394799918
CA031410399,16.428571428571427,0,Mutans/Velifera First,CC,0,157519,193093,5,-0.8268607888498938,0.3019952691769334,0.4968998579529688
CA031410400,51,0,No infection,CC,19673,57364,536774,10,1.2215949491079101,0.5698672953213669,0.2723057380581981
CA031410401,51,0,Mutans/Velifera First,TT,0,97556,1460031,8,-0.8268607888498938,0.8320362372114916,0.39037117381233705
CA031410402,51,0,No infection,CC,51244,180588,258740,7,1.4199379510892864,0.3786704669160671,0.5272879585306743
CA031410403,51,0,Mutans/Velifera First,CT,140809,347053,109334,7,1.6293598599677515,0.15297848571369718,0.6725359327209322
CA031410404,51,0,Mutans/Velifera First,CC,18428,65943,238179,9,1.2080507130491247,0.3569764176486339,0.3032942217281536
CA031410405,51,0,Mutans/Velifera First,TT,0,1249646,205196,7,-0.8268607888498938,0.31792329608142306,0.9573893778009454
CA031410406,51,0,Parva First,CT,96601,234298,439722,9,1.5512898098503567,0.5176150472605615,0.585180742293051
CA031410407,51,0,Mutans/Velifera First,CT,69994,579233,878709,9,1.484539635688769,0.6990020997578721,0.7864265611673852
CA031410408,51,0,Mutans/Velifera First,CT,0,96724,683277,7,-0.8268607888498938,0.6330945111738913,0.388466811178384
CA031410409,51,0,Mutans/Velifera First,TT,0,326030,158733,7,-0.8268607888498938,0.2506565608651796,0.6586420925369659
CA031410410,51,0,Mutans/Velifera First,CC,0,117680,366280,6,-0.8268607888498938,0.4697355829534546,0.4320698139094548
CA031410411,51,0,No infection,CC,10796,215746,744996,10,1.0972774049909113,0.6557520794314576,0.5668391834145227
CA031410412,51,0,Mutans/Velifera First,CT,0,16867,904105,7,-0.8268607888498938,0.7064669978885996,1.5260142914715993e-4
CA031410413,51,0,Parva First,CC,8241,17066,467774,8,1.0413320357919476,0.5338179284669112,0.002760354329126516
CA031410414,51,0,Mutans/Velifera First,CC,0,177452,319693,7,-0.8268607888498938,0.4340936541241453,0.5233929409561109
CA031410415,51,0,Mutans/Velifera First,CC,11373,869719,1199035,9,1.1080638495650146,0.7804373128271436,0.8768017380021658
CA031410416,51,0,Mutans/Velifera First,CT,0,174224,488243,5,-0.8268607888498938,0.5450389446985173,0.5193110936171107
CA031410417,51,0,Mutans/Velifera First,CC,0,59043,542890,7,-0.8268607888498938,0.5728356678893333,0.2787200561299298
CA041510421,51,0,Mutans/Velifera First,CC,0,2354,87286,3,-0.8268607888498938,0.093971548274833,-0.43761635393116294
CA041510422,10.714285714285714,0,No infection,CC,0,0,2934,1,-0.8268607888498938,-0.7948709595857474,-2.163964267749292
CA041510423,49.142857142857146,0,Mutans/Velifera First,CC,0,189718,321509,5,-0.8268607888498938,0.43557773133029787,0.5382540519487992
CA041510424,51,0,Mutans/Velifera First,CC,0,9140,14300,5,-0.8268607888498938,-0.37995776465034126,-0.13606638616554909
CA041510425,51,0,Mutans/Velifera First,CC,0,3066,698410,6,-0.8268607888498938,0.63883392858686,-0.3788820384993615
CA041510426,51,0,Mutans/Velifera First,CT,0,222852,433452,8,-0.8268607888498938,0.5138522663893499,0.574044462635157
CA041510427,51,0,Mutans/Velifera First,CC,1093,275777,1021567,11,0.6229408139627145,0.7384699351054107,0.6214224644771292
CA041510428,51,0,Mutans/Velifera First,CC,0,97026,29493,5,-0.8268607888498938,-0.1903051964838682,0.38915994539178844
CA041510429,51,0,Mutans/Velifera First,CC,79174,219314,219767,10,1.5100725306680824,0.33589719043799654,0.570486216192102
CA041510430,51,0,Mutans/Velifera First,TT,10393,1603442,1188634,10,1.0893961447847733,0.7781546641662921,1.012818081619565
CA041510431,51,0,Mutans/Velifera First,CC,0,136571,308319,7,-0.8268607888498938,0.42460232349833493,0.46517120070935386
CA041510432,51,0,No infection,CC,0,0,874778,3,-0.8268607888498938,0.6978273741448466,-2.163964267749292
CA041510433,51,0,No infection,CC,255769,559219,271748,9,1.7530221773125023,0.3915220344825653,0.778608134080676
CA041510434,51,0,Mutans/Velifera First,CC,0,106366,173850,7,-0.8268607888498938,0.27449062022052784,0.4095947515085659
CA041510435,38.57142857142857,1,Mutans/Velifera First,CT,46250,47768,78907,5,1.3986941754024023,0.0675305209991635,0.23160393106562446
CA041510436,51,0,No infection,TT,0,0,32193,3,-0.8268607888498938,-0.16735553192848687,-2.163964267749292
CA041510437,51,0,No infection,CT,0,0,120760,4,-0.8268607888498938,0.17902071849324747,-2.163964267749292
CA041510445,51,0,Mutans/Velifera First,CT,8241,652377,325972,11,1.0413320357919476,0.43918967615134863,0.8128672279713564
CA041510446,51,0,Mutans/Velifera First,CT,0,10266,1082747,6,-0.8268607888498938,0.7537089410465767,-0.11023772858509279
CA041610451,51,0,Mutans/Velifera First,CC,0,394483,938928,6,-0.8268607888498938,0.7163689312938217,0.7010178518044925
CA041610452,51,0,Mutans/Velifera First,CT,0,15402,281852,2,-0.8268607888498938,0.4010869167667063,-0.020048732394193556
CA041610454,51,0,No infection,CC,0,0,257893,1,-0.8268607888498938,0.37781138280402843,-2.163964267749292
CA041610459,20.857142857142858,0,Mutans/Velifera First,CC,158469,331128,298409,7,1.6538396416977372,0.4160427421712784,0.66209189047554
CA041610464,42.714285714285715,0,Parva First,CT,36433,217777,411233,8,1.34926367753216,0.5000654304652674,0.5689224996082671
CA041610465,18.285714285714285,1,Mutans/Velifera First,CT,0,796,0,1,-0.8268607888498938,-2.8868215120512333,-0.6785134905417194
CA041610466,51,0,No infection,TT,0,0,418630,2,-0.8268607888498938,0.5047362747027186,-2.163964267749292
CA041610468,38.142857142857146,0,Mutans/Velifera First,CC,2721,188640,195235,7,0.8117959792669626,0.30488567378342785,0.536987068460497
CA041610470,50,0,Parva First,CC,100709,213976,584160,8,1.5599181926711432,0.5920320969547341,0.5650075340119819
CA041610471,51,0,Mutans/Velifera First,CC,0,29155,12468,3,-0.8268607888498938,-0.4158741126612931,0.12182889422668966
CA041610472,51,0,Mutans/Velifera First,CT,0,31735,155439,4,-0.8268607888498938,0.24516235434183506,0.140681691216065
CA041610473,51,0,No infection,CT,0,0,634197,3,-0.8268607888498938,0.6135646760016105,-2.163964267749292
CA041610476,51,0,Parva First,CC,2745,8408,362673,7,0.8136147385865055,0.4671426894472425,-0.1546248587561251
CA041610477,39.142857142857146,0,Mutans/Velifera First,CT,0,175077,570374,8,-0.8268607888498938,0.585774794478177,0.5203970285769294
CA041610478,12,1,Mutans/Velifera First,CC,69161,82420,60790,3,1.4820591607798377,-8.104820615419114e-4,0.352884668162637
CA041710482,51,0,Mutans/Velifera First,CC,0,230419,463797,8,-0.8268607888498938,0.531580871472104,0.5814688473763272
CA041710487,24.142857142857142,0,Mutans/Velifera First,CC,1795,144149,171998,10,0.7256471559077626,0.2716845853355183,0.47717835006331866
CA041710488,49.285714285714285,0,Mutans/Velifera First,CT,2343,241678,839096,8,0.7808200575789936,0.6869162809754269,0.5920761591037245
CA041710489,51,0,No infection,CC,0,0,393154,2,-0.8268607888498938,0.4882861940744063,-2.163964267749292
CA041710495,51,0,No infection,CC,0,0,1422639,4,-0.8268607888498938,0.8252388261042817,-2.163964267749292
CA041710497,51,0,Parva First,CC,6764,42000,335869,9,1.000416850142072,0.44702607761758517,0.2029918800928587
CA041710498,51,0,Mutans/Velifera First,CC,0,443761,166894,8,-0.8268607888498938,0.2637920717532973,0.7271899695367073
CA041710499,51,0,Parva First,CT,80101,442715,2084712,10,1.5124842195303922,0.9253544728713439,0.7266652585474682
CA041710500,51,0,Mutans/Velifera First,CT,797,364213,256133,9,0.5575763490344734,0.3760172140008933,0.6832665457211681
CA041710501,45.714285714285715,0,Mutans/Velifera First,CC,0,185190,476201,6,-0.8268607888498938,0.5384959135292346,0.5328830322235986
CA041710506,51,0,No infection,CC,0,0,109040,3,-0.8268607888498938,0.1522730159601623,-2.163964267749292
CA041710507,14.142857142857142,1,Parva First,CC,50571,63189,7976,4,1.4171989588629377,-0.5329062939272831,0.29380904506685196
CA051810511,51,0,Mutans/Velifera First,CC,12817,345311,1009346,12,1.1328267602845852,0.7353167029164919,0.6714170886362348
CA051810515,51,0,Mutans/Velifera First,CT,0,32699,896175,6,-0.8268607888498938,0.7041588099391504,0.1473349911361806
CA051810517,35,0,Mutans/Velifera First,TT,5789,66898,12768,5,0.9681725507347779,-0.40964505304809634,0.30649111703787474
CA051810523,51,0,Mutans/Velifera First,CC,1177,4816,0,2,0.6382678671591835,-2.8868215120512333,-0.27850432810164605
CA051810526,51,0,Mutans/Velifera First,TT,1603,182377,410071,7,0.7022224416266531,0.4993240568349711,0.5294797687694853
CA051810529,51,0,No infection,CT,0,0,208755,3,-0.8268607888498938,0.32242859247146904,-2.163964267749292
CA051810530,51,0,No infection,CC,0,0,8341,2,-0.8268607888498938,-0.5211841386309672,-2.163964267749292
CA051810533,51,0,Mutans/Velifera First,CT,11434,560211,188891,7,1.109172039833777,0.2962307666600597,0.7790022012953524
CA051810535,13.285714285714286,1,Parva First,CT,3224,3224,3234,4,0.8469276338949281,-0.7693724733963269,-0.3677129966319475
CA051810536,51,0,Mutans/Velifera First,CC,0,7667,125033,4,-0.8268607888498938,0.18813115775877684,-0.17513540595107757
CA051810537,51,0,Mutans/Velifera First,CT,0,495252,171963,5,-0.8268607888498938,0.27163126510355584,0.7515990204085716
CA051910541,41.42857142857143,1,Parva First,CT,22115,833347,828696,8,1.2458363687730567,0.6836486554957387,0.8673031845427518
CA051910548,51,0,No infection,CT,0,0,388390,3,-0.8268607888498938,0.4850920220655465,-2.163964267749292
CA051910551,15.428571428571429,0,Mutans/Velifera First,CT,12499,143931,729285,6,1.1276218856793176,0.6501676973566413,0.4768418410595118
CA051910552,51,0,Mutans/Velifera First,CT,0,403953,141660,5,-0.8268607888498938,0.22084250001616362,0.7062924014309957
CA051910554,51,0,Mutans/Velifera First,TT,0,363892,450702,8,-0.8268607888498938,0.5240769770338258,0.6830704960627103
CA051910555,51,0,Mutans/Velifera First,CC,3097,484333,251076,8,0.838603699323416,0.3707925977927495,0.7466420756830316
CA051910556,5.285714285714286,0,No infection,CT,0,0,0,1,-0.8268607888498938,-2.8868215120512333,-2.163964267749292
CA051910557,35.285714285714285,1,Parva First,CT,38084,64125,500839,7,1.3584457525524085,0.5517125215724651,0.2970783612452029
CA051910558,45.857142857142854,0,Parva First,CT,67482,149346,446717,6,1.4769673938519263,0.5217501148331496,0.4850533522404149
CA051910559,51,0,Mutans/Velifera First,CT,0,294104,205036,7,-0.8268607888498938,0.31771892282475755,0.6357282496528555
CA051910560,10.142857142857142,1,No infection,CC,0,0,0,0,-0.8268607888498938,-2.8868215120512333,-2.163964267749292
CA051910561,51,0,No infection,CT,0,0,1050481,3,-0.8268607888498938,0.7457825356318146,-2.163964267749292
CA051910562,51,0,Mutans/Velifera First,CC,0,452799,262771,6,-0.8268607888498938,0.3827208119511663,0.7316729098533364
CA051910565,51,0,Mutans/Velifera First,CT,0,1588,538841,4,-0.8268607888498938,0.5708742711966787,-0.5250946186562836
CA051910569,51,0,Mutans/Velifera First,CT,0,34377,351464,4,-0.8268607888498938,0.45891731839496874,0.15846149448822372
CA052010571,31.142857142857142,0,Parva First,CT,16601,59932,249216,5,1.1864200442562893,0.3688444344685171,0.2820428474355683
CA052010572,51,0,No infection,CT,0,0,592446,3,-0.8268607888498938,0.5957223489524122,-2.163964267749292
CA052010574,51,0,Mutans/Velifera First,CT,19098,97125,1161788,7,1.2154494099938835,0.7721693359343839,0.38938669542668464
CA052010575,51,0,Parva First,CC,80975,80975,573047,4,1.5147325967327552,0.5869997731816536,0.3489519635598551
CA052010576,36.142857142857146,1,Parva First,CC,70132,523001,1078554,7,1.484947714467024,0.7526923519125561,0.7637204701477752
CA052010577,26.571428571428573,1,Parva First,CC,21037,53186,515467,6,1.235483093276745,0.5592551951445939,0.25549197372733956
CA052010578,5.285714285714286,0,Parva First,TT,548,548,5130,2,0.48008680478683,-0.6485180711811345,-0.7613937609561374
CA052010580,6,1,Parva First,CC,8560,8560,0,1,1.049199698747609,-2.8868215120512333,-0.15064168184334606
CA052010581,15.428571428571429,0,Parva First,CT,654,5186,16432,3,0.5166626985225246,-0.34354933830801176,-0.26204991414664414
CA052010584,51,0,No infection,CT,617,109129,426273,7,0.5046155194048337,0.5094765497129274,0.4152966527638974
CA052010586,14.857142857142858,1,Parva First,CT,15886,15886,44339,3,1.1772993156530847,-0.08348661596491834,-0.013169647403790567
CA052010587,6.571428571428571,1,Parva First,CT,19384,19384,0,1,1.2185289335441127,-2.8868215120512333,0.031076538397276036
CA052010590,5.285714285714286,1,Mutans/Velifera First,CC,0,2232,0,1,-0.8268607888498938,-2.8868215120512333,-0.4494439109397274
CA052010591,51,0,Mutans/Velifera First,CC,37113,842839,277390,8,1.3530949243186707,0.39690598422130663,0.8698214173675842
CA052010592,51,0,Parva First,CC,41790,429029,468474,8,1.3776851176524836,0.5342097082330148,0.7196832802750536
CA052010593,51,0,Mutans/Velifera First,CC,2643,258872,1227405,9,0.8057722668157193,0.7865642711263561,0.6073572675121868
CA052010594,5.571428571428571,0,No infection,TT,0,0,0,0,-0.8268607888498938,-2.8868215120512333,-2.163964267749292
